正常蓄水位_m,年份,重复容量_万kW,装机容量_万kW,月份,运行方式,月初库容_m3s月,月初水位_m,月末库容_m3s月,月末水位_m,来水量_m3s,发电流量_m3s,平均出力_kW,弃水折算库容_m3s月,月发电量_kWh
108.0,1951,0.0,91.4353,4月,优化区-枚举月末库容,1156.472,108.0,1004.7046,105.3169,3909.0,4060.7674,914353.0,0.0,667477690.0
108.0,1951,0.0,91.4353,5月,汛限线附近-满发,1004.7046,105.3169,1004.7046,105.3169,2995.0,1989.8965,892011.5088,1002.7643,651168401.411
108.0,1951,0.0,91.4353,6月,汛限线附近-满发,1004.7046,105.3169,827.6426,102.1866,1931.3,2108.4229,914353.0,0.0,667477690.0
108.0,1951,0.0,91.4353,7月,辅助线3区,827.6426,102.1866,1004.7046,105.3169,2901.7,1680.1984,736084.8273,1042.1005,537341923.9267
108.0,1951,0.0,91.4353,8月,低于防破坏线-保证出力,1004.7046,105.3169,878.2317,103.081,480.3,607.822,276737.775,0.0,202018575.75
108.0,1951,0.0,91.4353,9月,低于防破坏线-保证出力,878.2317,103.081,878.2317,103.081,619.5,621.1583,276737.775,0.0,202018575.75
108.0,1951,0.0,91.4353,10月,低于防破坏线-保证出力,878.2317,103.081,1156.472,108.0,1331.0,592.5407,276737.775,460.2191,202018575.75
108.0,1951,0.0,91.4353,11月,低于防破坏线-保证出力,1156.472,108.0,1156.472,108.0,673.0,566.6419,276737.775,106.3581,202018575.75
108.0,1951,0.0,91.4353,12月,优化区-枚举月末库容,1156.472,108.0,1156.472,108.0,1160.0,1160.0,556557.027,0.0,406286629.7297
108.0,1951,0.0,91.4353,1月,优化区-枚举月末库容,1156.472,108.0,1156.472,108.0,658.7,658.7,320666.4238,0.0,234086489.3521
108.0,1951,0.0,91.4353,2月,优化区-枚举月末库容,1156.472,108.0,616.8545,97.3995,1127.7,1667.3175,722977.5131,0.0,527773584.5838
108.0,1951,0.0,91.4353,3月,优化区-枚举月末库容,616.8545,97.3995,987.8415,105.0188,2568.6,2197.613,913600.9,0.0,666928657.0073
108.0,1952,0.0,91.4353,4月,汛限线附近-满发,987.8415,105.0188,903.5263,103.5282,2001.0,2086.4948,914353.0,0.0,667477690.0
108.0,1952,0.0,91.4353,5月,汛限线附近-满发,903.5263,103.5282,1004.7046,105.3169,5399.3,2024.8514,891619.0545,3270.9312,650881909.7759
108.0,1952,0.0,91.4353,6月,汛限线附近-满发,1004.7046,105.3169,1004.7046,105.3169,3781.3,1989.8965,892011.5088,1789.0643,651168401.411
108.0,1952,0.0,91.4353,7月,汛限线附近-满发,1004.7046,105.3169,1004.7046,105.3169,3677.0,1989.8965,892011.5088,1684.7643,651168401.411
108.0,1952,0.0,91.4353,8月,低于防破坏线-保证出力,1004.7046,105.3169,1004.7046,105.3169,4378.3,580.4749,270220.5137,3795.4859,197260974.9768
108.0,1952,0.0,91.4353,9月,优化区-枚举月末库容,1004.7046,105.3169,1156.472,108.0,2768.3,2616.5326,914353.0,0.0,667477690.0
108.0,1952,0.0,91.4353,10月,低于防破坏线-保证出力,1156.472,108.0,1156.472,108.0,2659.7,566.6419,276737.775,2093.0581,202018575.75
108.0,1952,0.0,91.4353,11月,低于防破坏线-保证出力,1156.472,108.0,1156.472,108.0,1018.3,566.6419,276737.775,451.6581,202018575.75
108.0,1952,0.0,91.4353,12月,优化区-枚举月末库容,1156.472,108.0,1156.472,108.0,693.3,693.3,337102.4964,0.0,246084822.3501
108.0,1952,0.0,91.4353,1月,优化区-枚举月末库容,1156.472,108.0,1156.472,108.0,580.3,580.3,283273.387,0.0,206789572.4881
108.0,1952,0.0,91.4353,2月,优化区-枚举月末库容,1156.472,108.0,616.8545,97.3995,833.0,1372.6175,599564.1822,0.0,437681853.0122
108.0,1952,0.0,91.4353,3月,优化区-枚举月末库容,616.8545,97.3995,1156.472,108.0,3003.7,2464.0825,914353.0,0.0,667477690.0
108.0,1953,0.0,91.4353,4月,优化区-枚举月末库容,1156.472,108.0,1004.7046,105.3169,2478.0,2629.7674,914353.0,0.0,667477690.0
108.0,1953,0.0,91.4353,5月,汛限线附近-满发,1004.7046,105.3169,1004.7046,105.3169,3517.3,1989.8965,892011.5088,1525.0643,651168401.411
108.0,1953,0.0,91.4353,6月,汛限线附近-满发,1004.7046,105.3169,1004.7046,105.3169,2864.3,1989.8965,892011.5088,872.0643,651168401.411
108.0,1953,0.0,91.4353,7月,汛限线附近-满发,1004.7046,105.3169,321.7512,87.6,1665.0,2347.9534,913783.7341,0.0,667062125.8846
108.0,1953,0.0,91.4353,8月,低于防破坏线-保证出力,321.7512,87.6,321.7512,87.6,875.3,875.3,271386.6977,0.0,198112289.2985
108.0,1953,0.0,91.4353,9月,低于防破坏线-保证出力,321.7512,87.6,549.4023,95.3858,1020.3,795.0051,276737.775,0.0,202018575.75
108.0,1953,0.0,91.4353,10月,低于防破坏线-保证出力,549.4023,95.3858,1156.472,108.0,2286.4,626.4545,276737.775,1052.8758,202018575.75
108.0,1953,0.0,91.4353,11月,低于防破坏线-保证出力,1156.472,108.0,1156.472,108.0,2395.0,566.6419,276737.775,1828.3581,202018575.75
108.0,1953,0.0,91.4353,12月,优化区-枚举月末库容,1156.472,108.0,1156.472,108.0,847.6,847.6,410079.1816,0.0,299357802.568
108.0,1953,0.0,91.4353,1月,优化区-枚举月末库容,1156.472,108.0,1156.472,108.0,1449.3,1449.3,690544.3477,0.0,504097373.8575
108.0,1953,0.0,91.4353,2月,优化区-枚举月末库容,1156.472,108.0,1156.472,108.0,1085.7,1085.7,521894.4032,0.0,380982914.3416
108.0,1953,0.0,91.4353,3月,优化区-枚举月末库容,1156.472,108.0,777.0535,101.2922,1072.0,1451.4185,650141.347,0.0,474603183.2978
108.0,1954,0.0,91.4353,4月,汛限线附近-满发,777.0535,101.2922,1004.7046,105.3169,3461.7,2070.3924,891107.7438,1161.3173,650508652.9803
108.0,1954,0.0,91.4353,5月,汛限线附近-满发,1004.7046,105.3169,1004.7046,105.3169,5833.7,1989.8965,892011.5088,3841.4643,651168401.411
108.0,1954,0.0,91.4353,6月,汛限线附近-满发,1004.7046,105.3169,1004.7046,105.3169,6961.0,1989.8965,892011.5088,4968.7643,651168401.411
108.0,1954,0.0,91.4353,7月,汛限线附近-满发,1004.7046,105.3169,1004.7046,105.3169,9361.7,1989.8965,892011.5088,7369.4643,651168401.411
108.0,1954,0.0,91.4353,8月,低于防破坏线-保证出力,1004.7046,105.3169,1004.7046,105.3169,5366.7,580.4749,270220.5137,4783.8859,197260974.9768
108.0,1954,0.0,91.4353,9月,优化区-枚举月末库容,1004.7046,105.3169,1156.472,108.0,868.0,716.2326,339806.3993,0.0,248058671.4782
108.0,1954,0.0,91.4353,10月,低于防破坏线-保证出力,1156.472,108.0,1131.1774,107.5528,546.3,568.6354,276737.775,0.0,202018575.75
108.0,1954,0.0,91.4353,11月,低于防破坏线-保证出力,1131.1774,107.5528,954.1154,104.4225,407.7,587.9599,276737.775,0.0,202018575.75
108.0,1954,0.0,91.4353,12月,低于防破坏线-保证出力,954.1154,104.4225,751.7589,100.845,423.7,626.5033,276737.775,0.0,202018575.75
108.0,1954,0.0,91.4353,1月,低于防破坏线-保证出力,751.7589,100.845,456.6556,92.6169,407.7,705.2374,276737.775,0.0,202018575.75
108.0,1954,0.0,91.4353,2月,低于防破坏线-保证出力,456.6556,92.6169,321.7512,87.6,596.4,731.3044,246968.5581,0.0,180287047.4103
108.0,1954,0.0,91.4353,3月,低于防破坏线-保证出力,321.7512,87.6,743.3274,100.696,1160.3,740.5452,276737.775,0.0,202018575.75
108.0,1955,0.0,91.4353,4月,辅助线3区,743.3274,100.696,321.7512,87.6,1511.0,1932.5762,695615.9721,0.0,507799659.6101
108.0,1955,0.0,91.4353,5月,低于防破坏线-保证出力,321.7512,87.6,1004.7046,105.3169,5308.7,652.3648,266742.3935,3971.0427,194721947.2877
108.0,1955,0.0,91.4353,6月,汛限线附近-满发,1004.7046,105.3169,1004.7046,105.3169,5540.7,1989.8965,892011.5088,3548.4643,651168401.411
108.0,1955,0.0,91.4353,7月,汛限线附近-满发,1004.7046,105.3169,372.3403,90.0997,1677.0,2308.4109,914353.0,0.0,667477690.0
108.0,1955,0.0,91.4353,8月,低于防破坏线-保证出力,372.3403,90.0997,1004.7046,105.3169,1975.3,646.4186,268525.6425,694.1781,196023719.0479
108.0,1955,0.0,91.4353,9月,优化区-枚举月末库容,1004.7046,105.3169,819.2111,102.0375,901.3,1086.7935,482471.7,0.0,352204341.0337
108.0,1955,0.0,91.4353,10月,低于防破坏线-保证出力,819.2111,102.0375,599.9915,96.8961,439.0,659.6149,276737.775,0.0,202018575.75
108.0,1955,0.0,91.4353,11月,低于防破坏线-保证出力,599.9915,96.8961,1156.472,108.0,1190.0,620.9804,276737.775,12.539,202018575.75
108.0,1955,0.0,91.4353,12月,优化区-枚举月末库容,1156.472,108.0,1156.472,108.0,452.0,452.0,221831.1692,0.0,161936753.5385
108.0,1955,0.0,91.4353,1月,优化区-枚举月末库容,1156.472,108.0,1156.472,108.0,511.0,511.0,250129.9141,0.0,182594837.2949
108.0,1955,0.0,91.4353,2月,优化区-枚举月末库容,1156.472,108.0,1156.472,108.0,609.4,609.4,297177.0789,0.0,216939267.5824
108.0,1955,0.0,91.4353,3月,优化区-枚举月末库容,1156.472,108.0,777.0535,101.2922,915.3,1294.7185,582280.3189,0.0,425064632.769
108.0,1956,0.0,91.4353,4月,汛限线附近-满发,777.0535,101.2922,1004.7046,105.3169,2433.0,2080.2826,895170.2104,122.7271,653474253.5624
108.0,1956,0.0,91.4353,5月,汛限线附近-满发,1004.7046,105.3169,1004.7046,105.3169,6085.0,1989.8965,892011.5088,4092.7643,651168401.411
108.0,1956,0.0,91.4353,6月,汛限线附近-满发,1004.7046,105.3169,1004.7046,105.3169,2780.7,1989.8965,892011.5088,788.4643,651168401.411
108.0,1956,0.0,91.4353,7月,汛限线附近-满发,1004.7046,105.3169,321.7512,87.6,922.7,1605.6534,636585.2188,0.0,464707209.6906
108.0,1956,0.0,91.4353,8月,低于防破坏线-保证出力,321.7512,87.6,970.9785,104.7206,1335.0,685.3235,276737.775,0.0,202018575.75
108.0,1956,0.0,91.4353,9月,低于防破坏线-保证出力,970.9785,104.7206,954.1154,104.4225,588.3,603.2243,276737.775,0.0,202018575.75
108.0,1956,0.0,91.4353,10月,低于防破坏线-保证出力,954.1154,104.4225,709.6013,100.0997,387.0,631.0397,276737.775,0.0,202018575.75
108.0,1956,0.0,91.4353,11月,低于防破坏线-保证出力,709.6013,100.0997,431.361,91.8617,441.3,721.3193,276737.775,0.0,202018575.75
108.0,1956,0.0,91.4353,12月,低于防破坏线-保证出力,431.361,91.8617,321.7512,87.6,330.3,439.9098,149550.8019,0.0,109172085.4063
108.0,1956,0.0,91.4353,1月,低于防破坏线-保证出力,321.7512,87.6,321.7512,87.6,440.0,440.0,139760.9231,0.0,102025473.8462
108.0,1956,0.0,91.4353,2月,低于防破坏线-保证出力,321.7512,87.6,321.7512,87.6,869.0,869.0,269504.9754,0.0,196738632.0308
108.0,1956,0.0,91.4353,3月,低于防破坏线-保证出力,321.7512,87.6,321.7512,87.6,858.9,858.9,266486.0799,0.0,194534838.3607
108.0,1957,0.0,91.4353,4月,低于防破坏线-保证出力,321.7512,87.6,1004.7046,105.3169,2213.7,652.3648,266742.3935,876.0427,194721947.2877
108.0,1957,0.0,91.4353,5月,汛限线附近-满发,1004.7046,105.3169,1004.7046,105.3169,3863.0,1989.8965,892011.5088,1870.7643,651168401.411
108.0,1957,0.0,91.4353,6月,汛限线附近-满发,1004.7046,105.3169,1004.7046,105.3169,2716.3,1989.8965,892011.5088,724.0643,651168401.411
108.0,1957,0.0,91.4353,7月,汛限线附近-满发,1004.7046,105.3169,321.7512,87.6,1082.3,1765.2534,696940.5999,0.0,508766637.9593
108.0,1957,0.0,91.4353,8月,低于防破坏线-保证出力,321.7512,87.6,1004.7046,105.3169,3519.7,652.3648,266742.3935,2182.0427,194721947.2877
108.0,1957,0.0,91.4353,9月,优化区-枚举月末库容,1004.7046,105.3169,1131.1774,107.5528,473.3,346.8272,166403.7162,0.0,121474712.8455
108.0,1957,0.0,91.4353,10月,低于防破坏线-保证出力,1131.1774,107.5528,1038.4307,105.9131,484.0,579.9907,276737.775,0.0,202018575.75
108.0,1957,0.0,91.4353,11月,低于防破坏线-保证出力,1038.4307,105.9131,1156.472,108.0,703.0,577.3417,276737.775,7.617,202018575.75
108.0,1957,0.0,91.4353,12月,优化区-枚举月末库容,1156.472,108.0,1156.472,108.0,1238.2,1238.2,592964.4425,0.0,432864043.0349
108.0,1957,0.0,91.4353,1月,优化区-枚举月末库容,1156.472,108.0,1156.472,108.0,719.0,719.0,349284.448,0.0,254977647.04
108.0,1957,0.0,91.4353,2月,优化区-枚举月末库容,1156.472,108.0,1156.472,108.0,840.8,840.8,406864.0255,0.0,297010738.5982
108.0,1957,0.0,91.4353,3月,优化区-枚举月末库容,1156.472,108.0,1156.472,108.0,1075.6,1075.6,517181.4099,0.0,377542429.2326
108.0,1958,0.0,91.4353,4月,优化区-枚举月末库容,1156.472,108.0,760.1904,100.9941,1550.7,1946.9816,859653.1579,0.0,627546805.2733
108.0,1958,0.0,91.4353,5月,汛限线附近-满发,760.1904,100.9941,1004.7046,105.3169,5788.3,2076.6271,891037.7448,3464.8196,650457553.7049
108.0,1958,0.0,91.4353,6月,汛限线附近-满发,1004.7046,105.3169,1004.7046,105.3169,2195.7,1989.8965,892011.5088,203.4643,651168401.411
108.0,1958,0.0,91.4353,7月,汛限线附近-满发,1004.7046,105.3169,1004.7046,105.3169,3980.3,1989.8965,892011.5088,1988.0643,651168401.411
108.0,1958,0.0,91.4353,8月,低于防破坏线-保证出力,1004.7046,105.3169,1004.7046,105.3169,3151.7,580.4749,270220.5137,2568.8859,197260974.9768
108.0,1958,0.0,91.4353,9月,优化区-枚举月末库容,1004.7046,105.3169,397.6349,90.8549,1681.0,2288.0697,913802.0309,0.0,667075482.571
108.0,1958,0.0,91.4353,10月,低于防破坏线-保证出力,397.6349,90.8549,1156.472,108.0,1929.0,643.487,276737.775,526.6759,202018575.75
108.0,1958,0.0,91.4353,11月,低于防破坏线-保证出力,1156.472,108.0,1156.472,108.0,569.7,566.6419,276737.775,3.0581,202018575.75
108.0,1958,0.0,91.4353,12月,优化区-枚举月末库容,1156.472,108.0,1156.472,108.0,401.0,401.0,197247.2731,0.0,143990509.3462
108.0,1958,0.0,91.4353,1月,优化区-枚举月末库容,1156.472,108.0,1156.472,108.0,436.3,436.3,214275.2644,0.0,156420943.0476
108.0,1958,0.0,91.4353,2月,优化区-枚举月末库容,1156.472,108.0,793.9165,101.5903,1650.5,2013.0555,892671.8204,0.0,651650428.883
108.0,1958,0.0,91.4353,3月,优化区-枚举月末库容,793.9165,101.5903,785.485,101.4413,2197.3,2205.7315,912614.7788,0.0,666208788.4924
108.0,1959,0.0,91.4353,4月,汛限线附近-满发,785.485,101.4413,768.6219,101.1432,2202.3,2222.2023,914353.0,0.0,667477690.0
108.0,1959,0.0,91.4353,5月,汛限线附近-满发,768.6219,101.1432,1004.7046,105.3169,4255.0,2073.5049,891072.7994,1943.0734,650483143.539
108.0,1959,0.0,91.4353,6月,汛限线附近-满发,1004.7046,105.3169,1004.7046,105.3169,4533.0,1989.8965,892011.5088,2540.7643,651168401.411
108.0,1959,0.0,91.4353,7月,汛限线附近-满发,1004.7046,105.3169,844.5056,102.4847,1940.7,2102.618,914353.0,0.0,667477690.0
108.0,1959,0.0,91.4353,8月,低于防破坏线-保证出力,844.5056,102.4847,886.6633,103.23,667.0,623.5672,276737.775,0.0,202018575.75
108.0,1959,0.0,91.4353,9月,低于防破坏线-保证出力,886.6633,103.23,692.7382,99.665,449.7,640.1902,276737.775,0.0,202018575.75
108.0,1959,0.0,91.4353,10月,低于防破坏线-保证出力,692.7382,99.665,380.7719,90.3514,425.3,738.1036,276737.775,0.0,202018575.75
108.0,1959,0.0,91.4353,11月,低于防破坏线-保证出力,380.7719,90.3514,406.0664,91.1066,846.6,819.815,276737.775,0.0,202018575.75
108.0,1959,0.0,91.4353,12月,低于防破坏线-保证出力,406.0664,91.1066,406.0664,91.1066,811.7,812.5883,276737.775,0.0,202018575.75
108.0,1959,0.0,91.4353,1月,低于防破坏线-保证出力,406.0664,91.1066,321.7512,87.6,593.3,677.6152,224492.1557,0.0,163879273.6815
108.0,1959,0.0,91.4353,2月,低于防破坏线-保证出力,321.7512,87.6,321.7512,87.6,634.1,634.1,199002.9637,0.0,145272163.5229
108.0,1959,0.0,91.4353,3月,低于防破坏线-保证出力,321.7512,87.6,1156.472,108.0,1501.0,652.3648,276737.775,13.9144,202018575.75
108.0,1960,0.0,91.4353,4月,优化区-枚举月末库容,1156.472,108.0,760.1904,100.9941,1565.3,1961.5816,865829.0334,0.0,632055194.3943
108.0,1960,0.0,91.4353,5月,汛限线附近-满发,760.1904,100.9941,1004.7046,105.3169,3027.3,2076.6271,891037.7448,703.8196,650457553.7049
108.0,1960,0.0,91.4353,6月,汛限线附近-满发,1004.7046,105.3169,1004.7046,105.3169,3157.0,1989.8965,892011.5088,1164.7643,651168401.411
108.0,1960,0.0,91.4353,7月,汛限线附近-满发,1004.7046,105.3169,1004.7046,105.3169,3595.0,1989.8965,892011.5088,1602.7643,651168401.411
108.0,1960,0.0,91.4353,8月,低于防破坏线-保证出力,1004.7046,105.3169,1004.7046,105.3169,824.7,580.4749,270220.5137,241.8859,197260974.9768
108.0,1960,0.0,91.4353,9月,优化区-枚举月末库容,1004.7046,105.3169,1139.609,107.7019,402.1,267.1956,128986.0606,0.0,94159824.2278
108.0,1960,0.0,91.4353,10月,低于防破坏线-保证出力,1139.609,107.7019,895.0948,103.3791,347.0,592.6515,276737.775,0.0,202018575.75
108.0,1960,0.0,91.4353,11月,低于防破坏线-保证出力,895.0948,103.3791,869.8002,102.9319,594.3,620.1354,276737.775,0.0,202018575.75
108.0,1960,0.0,91.4353,12月,低于防破坏线-保证出力,869.8002,102.9319,659.0121,98.6581,432.3,646.8578,276737.775,0.0,202018575.75
108.0,1960,0.0,91.4353,1月,低于防破坏线-保证出力,659.0121,98.6581,321.7512,87.6,381.7,718.9609,261410.3653,0.0,190829566.6938
108.0,1960,0.0,91.4353,2月,低于防破坏线-保证出力,321.7512,87.6,321.7512,87.6,634.2,634.2,199033.2691,0.0,145294286.4576
108.0,1960,0.0,91.4353,3月,低于防破坏线-保证出力,321.7512,87.6,1156.472,108.0,2153.3,652.3648,276737.775,666.2144,202018575.75
108.0,1961,0.0,91.4353,4月,优化区-枚举月末库容,1156.472,108.0,1004.7046,105.3169,4192.3,4344.0674,914353.0,0.0,667477690.0
108.0,1961,0.0,91.4353,5月,汛限线附近-满发,1004.7046,105.3169,1004.7046,105.3169,2079.0,2022.9224,906185.0385,53.7385,661515078.08
108.0,1961,0.0,91.4353,6月,汛限线附近-满发,1004.7046,105.3169,1004.7046,105.3169,2612.0,1989.8965,892011.5088,619.7643,651168401.411
108.0,1961,0.0,91.4353,7月,汛限线附近-满发,1004.7046,105.3169,321.7512,87.6,643.7,1326.6534,530051.1343,0.0,386937328.0718
108.0,1961,0.0,91.4353,8月,低于防破坏线-保证出力,321.7512,87.6,549.4023,95.3858,1022.3,794.1433,276737.775,0.0,202018575.75
108.0,1961,0.0,91.4353,9月,低于防破坏线-保证出力,549.4023,95.3858,321.7512,87.6,536.3,763.9511,266559.7065,0.0,194588585.7271
108.0,1961,0.0,91.4353,10月,低于防破坏线-保证出力,321.7512,87.6,515.6762,94.3789,997.4,804.9389,276737.775,0.0,202018575.75
108.0,1961,0.0,91.4353,11月,低于防破坏线-保证出力,515.6762,94.3789,1156.472,108.0,2668.3,630.1591,276737.775,1397.3451,202018575.75
108.0,1961,0.0,91.4353,12月,优化区-枚举月末库容,1156.472,108.0,1156.472,108.0,926.7,926.7,447390.1587,0.0,326594815.8847
108.0,1961,0.0,91.4353,1月,优化区-枚举月末库容,1156.472,108.0,1156.472,108.0,919.7,919.7,444094.9023,0.0,324189278.6678
108.0,1961,0.0,91.4353,2月,优化区-枚举月末库容,1156.472,108.0,1156.472,108.0,558.7,558.7,272934.5038,0.0,199242187.7521
108.0,1961,0.0,91.4353,3月,优化区-枚举月末库容,1156.472,108.0,836.0741,102.3357,1198.7,1519.0979,686062.4582,0.0,500825594.4969
108.0,1962,0.0,91.4353,4月,汛限线附近-满发,836.0741,102.3357,768.6219,101.1432,2132.7,2199.0606,914353.0,0.0,667477690.0
108.0,1962,0.0,91.4353,5月,汛限线附近-满发,768.6219,101.1432,1004.7046,105.3169,4852.0,2073.5049,891072.7994,2540.0734,650483143.539
108.0,1962,0.0,91.4353,6月,汛限线附近-满发,1004.7046,105.3169,1004.7046,105.3169,4776.0,1989.8965,892011.5088,2783.7643,651168401.411
108.0,1962,0.0,91.4353,7月,汛限线附近-满发,1004.7046,105.3169,1004.7046,105.3169,2869.0,1989.8965,892011.5088,876.7643,651168401.411
108.0,1962,0.0,91.4353,8月,低于防破坏线-保证出力,1004.7046,105.3169,1004.7046,105.3169,1711.7,580.4749,270220.5137,1128.8859,197260974.9768
108.0,1962,0.0,91.4353,9月,优化区-枚举月末库容,1004.7046,105.3169,321.7512,87.6,912.7,1595.6534,632785.9728,0.0,461933760.1282
108.0,1962,0.0,91.4353,10月,低于防破坏线-保证出力,321.7512,87.6,726.4643,100.3979,1149.7,744.3,276737.775,0.0,202018575.75
108.0,1962,0.0,91.4353,11月,低于防破坏线-保证出力,726.4643,100.3979,1156.472,108.0,1439.3,607.7144,276737.775,401.5779,202018575.75
108.0,1962,0.0,91.4353,12月,优化区-枚举月末库容,1156.472,108.0,1156.472,108.0,970.0,970.0,467745.1923,0.0,341453990.3846
108.0,1962,0.0,91.4353,1月,优化区-枚举月末库容,1156.472,108.0,1156.472,108.0,461.0,461.0,226157.7346,0.0,165095146.2692
108.0,1962,0.0,91.4353,2月,优化区-枚举月末库容,1156.472,108.0,1156.472,108.0,521.9,521.9,255341.3816,0.0,186399208.5512
108.0,1962,0.0,91.4353,3月,优化区-枚举月末库容,1156.472,108.0,861.3687,102.7828,592.9,888.0033,409467.9911,0.0,298911633.532
108.0,1963,0.0,91.4353,4月,汛限线附近-满发,861.3687,102.7828,768.6219,101.1432,2097.7,2187.9536,914353.0,0.0,667477690.0
108.0,1963,0.0,91.4353,5月,汛限线附近-满发,768.6219,101.1432,1004.7046,105.3169,4071.7,2073.5049,891072.7994,1759.7734,650483143.539
108.0,1963,0.0,91.4353,6月,汛限线附近-满发,1004.7046,105.3169,321.7512,87.6,790.7,1473.6534,586295.2354,0.0,427995521.819
108.0,1963,0.0,91.4353,7月,低于防破坏线-保证出力,321.7512,87.6,1004.7046,105.3169,2931.0,652.3648,266742.3935,1593.3427,194721947.2877
108.0,1963,0.0,91.4353,8月,低于防破坏线-保证出力,1004.7046,105.3169,1004.7046,105.3169,1608.0,580.4749,270220.5137,1025.1859,197260974.9768
108.0,1963,0.0,91.4353,9月,优化区-枚举月末库容,1004.7046,105.3169,321.7512,87.6,316.3,999.2534,403191.4923,0.0,294329789.3668
108.0,1963,0.0,91.4353,10月,低于防破坏线-保证出力,321.7512,87.6,633.7176,97.903,1083.5,769.0339,276737.775,0.0,202018575.75
108.0,1963,0.0,91.4353,11月,低于防破坏线-保证出力,633.7176,97.903,1156.472,108.0,1576.3,617.3852,276737.775,436.1604,202018575.75
108.0,1963,0.0,91.4353,12月,优化区-枚举月末库容,1156.472,108.0,1156.472,108.0,1563.3,1563.3,742942.978,0.0,542348373.9177
108.0,1963,0.0,91.4353,1月,优化区-枚举月末库容,1156.472,108.0,1156.472,108.0,710.0,710.0,345020.95,0.0,251865293.5
108.0,1963,0.0,91.4353,2月,优化区-枚举月末库容,1156.472,108.0,616.8545,97.3995,1212.0,1751.6175,758000.8057,0.0,553340588.1854
108.0,1963,0.0,91.4353,3月,优化区-枚举月末库容,616.8545,97.3995,1156.472,108.0,2725.0,2185.3825,914353.0,0.0,667477690.0
108.0,1964,0.0,91.4353,4月,优化区-枚举月末库容,1156.472,108.0,1004.7046,105.3169,5893.3,6045.0674,914353.0,0.0,667477690.0
108.0,1964,0.0,91.4353,5月,汛限线附近-满发,1004.7046,105.3169,1004.7046,105.3169,4065.0,1989.8965,892011.5088,2072.7643,651168401.411
108.0,1964,0.0,91.4353,6月,汛限线附近-满发,1004.7046,105.3169,1004.7046,105.3169,5291.7,1989.8965,892011.5088,3299.4643,651168401.411
108.0,1964,0.0,91.4353,7月,汛限线附近-满发,1004.7046,105.3169,920.3893,103.8263,1989.7,2073.2055,914353.0,0.0,667477690.0
108.0,1964,0.0,91.4353,8月,低于防破坏线-保证出力,920.3893,103.8263,1004.7046,105.3169,2066.0,588.4622,270130.8368,1390.8834,197195510.8959
108.0,1964,0.0,91.4353,9月,优化区-枚举月末库容,1004.7046,105.3169,389.2034,90.6032,1231.0,1846.5012,743266.0378,0.0,542584207.5627
108.0,1964,0.0,91.4353,10月,低于防破坏线-保证出力,389.2034,90.6032,844.5056,102.4847,1154.0,698.8004,276737.775,0.0,202018575.75
108.0,1964,0.0,91.4353,11月,低于防破坏线-保证出力,844.5056,102.4847,1156.472,108.0,920.0,595.8453,276737.775,12.1883,202018575.75
108.0,1964,0.0,91.4353,12月,优化区-枚举月末库容,1156.472,108.0,1156.472,108.0,515.7,515.7,252377.6957,0.0,184235717.8835
108.0,1964,0.0,91.4353,1月,优化区-枚举月末库容,1156.472,108.0,1156.472,108.0,538.0,538.0,263029.5795,0.0,192011593.0256
108.0,1964,0.0,91.4353,2月,优化区-枚举月末库容,1156.472,108.0,1156.472,108.0,557.5,557.5,272359.6562,0.0,198822549.0625
108.0,1964,0.0,91.4353,3月,优化区-枚举月末库容,1156.472,108.0,777.0535,101.2922,1050.0,1429.4185,640647.9922,0.0,467673034.2856
108.0,1965,0.0,91.4353,4月,汛限线附近-满发,777.0535,101.2922,1004.7046,105.3169,2631.0,2070.3924,891107.7438,330.6173,650508652.9803
108.0,1965,0.0,91.4353,5月,汛限线附近-满发,1004.7046,105.3169,1004.7046,105.3169,4338.3,1989.8965,892011.5088,2346.0643,651168401.411
108.0,1965,0.0,91.4353,6月,汛限线附近-满发,1004.7046,105.3169,1004.7046,105.3169,3568.0,1989.8965,892011.5088,1575.7643,651168401.411
108.0,1965,0.0,91.4353,7月,汛限线附近-满发,1004.7046,105.3169,911.9578,103.6772,1986.0,2075.3787,914353.0,0.0,667477690.0
108.0,1965,0.0,91.4353,8月,低于防破坏线-保证出力,911.9578,103.6772,1004.7046,105.3169,2153.0,589.2733,270121.7303,1468.6408,197188863.1029
108.0,1965,0.0,91.4353,9月,优化区-枚举月末库容,1004.7046,105.3169,321.7512,87.6,1214.0,1896.9534,746347.4566,0.0,544833643.3442
108.0,1965,0.0,91.4353,10月,低于防破坏线-保证出力,321.7512,87.6,1156.472,108.0,2367.0,652.3648,276737.775,879.9144,202018575.75
108.0,1965,0.0,91.4353,11月,低于防破坏线-保证出力,1156.472,108.0,1156.472,108.0,1282.0,566.6419,276737.775,715.3581,202018575.75
108.0,1965,0.0,91.4353,12月,优化区-枚举月末库容,1156.472,108.0,1156.472,108.0,1180.4,1180.4,566068.1576,0.0,413229755.0638
108.0,1965,0.0,91.4353,1月,优化区-枚举月末库容,1156.472,108.0,1156.472,108.0,706.7,706.7,343456.9774,0.0,250723593.4801
108.0,1965,0.0,91.4353,2月,优化区-枚举月末库容,1156.472,108.0,1156.472,108.0,1107.5,1107.5,532057.9087,0.0,388402273.3173
108.0,1965,0.0,91.4353,3月,优化区-枚举月末库容,1156.472,108.0,777.0535,101.2922,720.5,1099.9185,497168.2013,0.0,362932786.9676
108.0,1966,0.0,91.4353,4月,汛限线附近-满发,777.0535,101.2922,1004.7046,105.3169,2902.0,2070.3924,891107.7438,601.6173,650508652.9803
108.0,1966,0.0,91.4353,5月,汛限线附近-满发,1004.7046,105.3169,1004.7046,105.3169,2275.7,1989.8965,892011.5088,283.4643,651168401.411
108.0,1966,0.0,91.4353,6月,汛限线附近-满发,1004.7046,105.3169,1004.7046,105.3169,3567.7,1989.8965,892011.5088,1575.4643,651168401.411
108.0,1966,0.0,91.4353,7月,汛限线附近-满发,1004.7046,105.3169,1004.7046,105.3169,4694.3,1989.8965,892011.5088,2702.0643,651168401.411
108.0,1966,0.0,91.4353,8月,低于防破坏线-保证出力,1004.7046,105.3169,987.8415,105.0188,577.0,596.9861,276737.775,0.0,202018575.75
108.0,1966,0.0,91.4353,9月,优化区-枚举月末库容,987.8415,105.0188,903.5263,103.5282,386.3,470.6152,215869.139,0.0,157584471.4726
108.0,1966,0.0,91.4353,10月,低于防破坏线-保证出力,903.5263,103.5282,1156.472,108.0,844.2,590.0867,276737.775,1.1676,202018575.75
108.0,1966,0.0,91.4353,11月,低于防破坏线-保证出力,1156.472,108.0,1105.8829,107.1056,518.7,571.3653,276737.775,0.0,202018575.75
108.0,1966,0.0,91.4353,12月,优化区-枚举月末库容,1105.8829,107.1056,1156.472,108.0,438.3,387.7109,189349.0765,0.0,138224825.8295
108.0,1966,0.0,91.4353,1月,优化区-枚举月末库容,1156.472,108.0,1156.472,108.0,408.7,408.7,200966.226,0.0,146705344.9706
108.0,1966,0.0,91.4353,2月,优化区-枚举月末库容,1156.472,108.0,1156.472,108.0,791.6,791.6,383575.9545,0.0,280010446.7704
108.0,1966,0.0,91.4353,3月,优化区-枚举月末库容,1156.472,108.0,777.0535,101.2922,1351.7,1731.1185,770334.8726,0.0,562344457.0257
108.0,1967,0.0,91.4353,4月,汛限线附近-满发,777.0535,101.2922,869.8002,102.9319,2272.7,2183.473,914353.0,0.0,667477690.0
108.0,1967,0.0,91.4353,5月,汛限线附近-满发,869.8002,102.9319,1004.7046,105.3169,6585.7,2036.7898,891485.0164,4411.6667,650784061.9743
108.0,1967,0.0,91.4353,6月,汛限线附近-满发,1004.7046,105.3169,1004.7046,105.3169,5330.3,1989.8965,892011.5088,3338.0643,651168401.411
108.0,1967,0.0,91.4353,7月,汛限线附近-满发,1004.7046,105.3169,1004.7046,105.3169,2426.0,1989.8965,892011.5088,433.7643,651168401.411
108.0,1967,0.0,91.4353,8月,低于防破坏线-保证出力,1004.7046,105.3169,1004.7046,105.3169,2843.7,580.4749,270220.5137,2260.8859,197260974.9768
108.0,1967,0.0,91.4353,9月,优化区-枚举月末库容,1004.7046,105.3169,692.7382,99.665,1849.0,2160.9664,914172.9191,0.0,667346230.9733
108.0,1967,0.0,91.4353,10月,低于防破坏线-保证出力,692.7382,99.665,1156.472,108.0,1427.0,611.1949,276737.775,352.0713,202018575.75
108.0,1967,0.0,91.4353,11月,低于防破坏线-保证出力,1156.472,108.0,1156.472,108.0,1559.7,566.6419,276737.775,993.0581,202018575.75
108.0,1967,0.0,91.4353,12月,优化区-枚举月末库容,1156.472,108.0,1156.472,108.0,1011.7,1011.7,487301.7257,0.0,355730259.7385
108.0,1967,0.0,91.4353,1月,优化区-枚举月末库容,1156.472,108.0,1156.472,108.0,703.7,703.7,342034.8628,0.0,249685449.8221
108.0,1967,0.0,91.4353,2月,优化区-枚举月末库容,1156.472,108.0,675.8752,99.1615,718.3,1198.8968,531391.3167,0.0,387915661.2161
108.0,1967,0.0,91.4353,3月,优化区-枚举月末库容,675.8752,99.1615,777.0535,101.2922,2362.0,2260.8217,912748.0192,0.0,666306054.0251
108.0,1968,0.0,91.4353,4月,汛限线附近-满发,777.0535,101.2922,1004.7046,105.3169,3659.0,2070.3924,891107.7438,1358.6173,650508652.9803
108.0,1968,0.0,91.4353,5月,汛限线附近-满发,1004.7046,105.3169,1004.7046,105.3169,3349.7,1989.8965,892011.5088,1357.4643,651168401.411
108.0,1968,0.0,91.4353,6月,汛限线附近-满发,1004.7046,105.3169,1004.7046,105.3169,4065.3,1989.8965,892011.5088,2073.0643,651168401.411
108.0,1968,0.0,91.4353,7月,汛限线附近-满发,1004.7046,105.3169,1004.7046,105.3169,4343.7,1989.8965,892011.5088,2351.4643,651168401.411
108.0,1968,0.0,91.4353,8月,低于防破坏线-保证出力,1004.7046,105.3169,1004.7046,105.3169,2122.7,580.4749,270220.5137,1539.8859,197260974.9768
108.0,1968,0.0,91.4353,9月,优化区-枚举月末库容,1004.7046,105.3169,869.8002,102.9319,1955.3,2090.2044,913442.3037,0.0,666812881.7058
108.0,1968,0.0,91.4353,10月,低于防破坏线-保证出力,869.8002,102.9319,1156.472,108.0,994.7,593.3633,276737.775,114.6649,202018575.75
108.0,1968,0.0,91.4353,11月,低于防破坏线-保证出力,1156.472,108.0,1156.472,108.0,1605.3,566.6419,276737.775,1038.6581,202018575.75
108.0,1968,0.0,91.4353,12月,优化区-枚举月末库容,1156.472,108.0,1156.472,108.0,844.7,844.7,408708.16,0.0,298356956.7832
108.0,1968,0.0,91.4353,1月,优化区-枚举月末库容,1156.472,108.0,1156.472,108.0,1027.0,1027.0,494465.74,0.0,360959990.2
108.0,1968,0.0,91.4353,2月,优化区-枚举月末库容,1156.472,108.0,1156.472,108.0,607.0,607.0,296031.472,0.0,216102974.56
108.0,1968,0.0,91.4353,3月,优化区-枚举月末库容,1156.472,108.0,1156.472,108.0,1017.6,1017.6,490065.0447,0.0,357747482.6142
108.0,1969,0.0,91.4353,4月,优化区-枚举月末库容,1156.472,108.0,760.1904,100.9941,1371.7,1767.9816,783823.0031,0.0,572190792.2978
108.0,1969,0.0,91.4353,5月,汛限线附近-满发,760.1904,100.9941,1004.7046,105.3169,3499.7,2076.6271,891037.7448,1176.2196,650457553.7049
108.0,1969,0.0,91.4353,6月,汛限线附近-满发,1004.7046,105.3169,1004.7046,105.3169,3335.0,1989.8965,892011.5088,1342.7643,651168401.411
108.0,1969,0.0,91.4353,7月,汛限线附近-满发,1004.7046,105.3169,1004.7046,105.3169,7595.0,1989.8965,892011.5088,5602.7643,651168401.411
108.0,1969,0.0,91.4353,8月,低于防破坏线-保证出力,1004.7046,105.3169,1004.7046,105.3169,4693.3,580.4749,270220.5137,4110.4859,197260974.9768
108.0,1969,0.0,91.4353,9月,优化区-枚举月末库容,1004.7046,105.3169,355.4773,89.3131,1673.0,2322.2273,914273.0644,0.0,667419336.9783
108.0,1969,0.0,91.4353,10月,低于防破坏线-保证出力,355.4773,89.3131,793.9165,101.5903,1160.1,717.8911,276737.775,0.0,202018575.75
108.0,1969,0.0,91.4353,11月,低于防破坏线-保证出力,793.9165,101.5903,1156.472,108.0,1533.3,600.8735,276737.775,569.871,202018575.75
108.0,1969,0.0,91.4353,12月,优化区-枚举月末库容,1156.472,108.0,1156.472,108.0,556.7,556.7,271976.3974,0.0,198542770.0801
108.0,1969,0.0,91.4353,1月,优化区-枚举月末库容,1156.472,108.0,1156.472,108.0,508.7,508.7,249029.585,0.0,181791597.0219
108.0,1969,0.0,91.4353,2月,优化区-枚举月末库容,1156.472,108.0,1156.472,108.0,943.2,943.2,455152.4784,0.0,332261309.232
108.0,1969,0.0,91.4353,3月,优化区-枚举月末库容,1156.472,108.0,777.0535,101.2922,1202.0,1581.4185,706173.4816,0.0,515506641.5763
108.0,1970,0.0,91.4353,4月,汛限线附近-满发,777.0535,101.2922,1004.7046,105.3169,3094.0,2070.3924,891107.7438,793.6173,650508652.9803
108.0,1970,0.0,91.4353,5月,汛限线附近-满发,1004.7046,105.3169,1004.7046,105.3169,5846.0,1989.8965,892011.5088,3853.7643,651168401.411
108.0,1970,0.0,91.4353,6月,汛限线附近-满发,1004.7046,105.3169,1004.7046,105.3169,2818.3,1989.8965,892011.5088,826.0643,651168401.411
108.0,1970,0.0,91.4353,7月,汛限线附近-满发,1004.7046,105.3169,1004.7046,105.3169,6659.0,1989.8965,892011.5088,4666.7643,651168401.411
108.0,1970,0.0,91.4353,8月,低于防破坏线-保证出力,1004.7046,105.3169,1004.7046,105.3169,1082.3,580.4749,270220.5137,499.4859,197260974.9768
108.0,1970,0.0,91.4353,9月,优化区-枚举月末库容,1004.7046,105.3169,1072.1568,106.5094,1952.7,1885.2478,856212.7865,0.0,625035334.1129
108.0,1970,0.0,91.4353,10月,低于防破坏线-保证出力,1072.1568,106.5094,1156.472,108.0,655.7,574.5303,276737.775,0.0,202018575.75
108.0,1970,0.0,91.4353,11月,低于防破坏线-保证出力,1156.472,108.0,1080.5883,106.6584,499.7,573.2618,276737.775,0.0,202018575.75
108.0,1970,0.0,91.4353,12月,优化区-枚举月末库容,1080.5883,106.6584,1156.472,108.0,964.7,888.8163,424473.3856,0.0,309865571.5231
108.0,1970,0.0,91.4353,1月,优化区-枚举月末库容,1156.472,108.0,1156.472,108.0,767.3,767.3,372118.1716,0.0,271646265.2461
108.0,1970,0.0,91.4353,2月,优化区-枚举月末库容,1156.472,108.0,1156.472,108.0,1136.3,1136.3,545495.3259,0.0,398211587.8764
108.0,1970,0.0,91.4353,3月,优化区-枚举月末库容,1156.472,108.0,777.0535,101.2922,1059.0,1438.4185,644532.9812,0.0,470509076.306
108.0,1971,0.0,91.4353,4月,汛限线附近-满发,777.0535,101.2922,1004.7046,105.3169,2573.0,2070.3924,891107.7438,272.6173,650508652.9803
108.0,1971,0.0,91.4353,5月,汛限线附近-满发,1004.7046,105.3169,1004.7046,105.3169,4101.3,1989.8965,892011.5088,2109.0643,651168401.411
108.0,1971,0.0,91.4353,6月,汛限线附近-满发,1004.7046,105.3169,1004.7046,105.3169,5048.0,1989.8965,892011.5088,3055.7643,651168401.411
108.0,1971,0.0,91.4353,7月,汛限线附近-满发,1004.7046,105.3169,321.7512,87.6,1554.0,2236.9534,872929.4848,0.0,637238523.8713
108.0,1971,0.0,91.4353,8月,低于防破坏线-保证出力,321.7512,87.6,1004.7046,105.3169,1537.0,652.3648,266742.3935,199.3427,194721947.2877
108.0,1971,0.0,91.4353,9月,优化区-枚举月末库容,1004.7046,105.3169,979.41,104.8697,978.7,1003.9946,458885.7835,0.0,334986621.9896
108.0,1971,0.0,91.4353,10月,低于防破坏线-保证出力,979.41,104.8697,1131.1774,107.5528,736.0,585.3463,276737.775,0.0,202018575.75
108.0,1971,0.0,91.4353,11月,低于防破坏线-保证出力,1131.1774,107.5528,1156.472,108.0,595.0,568.9005,276737.775,0.8049,202018575.75
108.0,1971,0.0,91.4353,12月,优化区-枚举月末库容,1156.472,108.0,1156.472,108.0,377.7,377.7,185978.0757,0.0,135763995.2835
108.0,1971,0.0,91.4353,1月,优化区-枚举月末库容,1156.472,108.0,1156.472,108.0,428.0,428.0,210276.4,0.0,153501772.0
108.0,1971,0.0,91.4353,2月,优化区-枚举月末库容,1156.472,108.0,1156.472,108.0,743.2,743.2,360734.8619,0.0,263336449.2016
108.0,1971,0.0,91.4353,3月,优化区-枚举月末库容,1156.472,108.0,777.0535,101.2922,1098.7,1478.1185,661647.8918,0.0,483002961.037
108.0,1972,0.0,91.4353,4月,汛限线附近-满发,777.0535,101.2922,1004.7046,105.3169,3129.3,2070.3924,891107.7438,828.9173,650508652.9803
108.0,1972,0.0,91.4353,5月,汛限线附近-满发,1004.7046,105.3169,1004.7046,105.3169,3789.3,1989.8965,892011.5088,1797.0643,651168401.411
108.0,1972,0.0,91.4353,6月,汛限线附近-满发,1004.7046,105.3169,1004.7046,105.3169,2369.0,1989.8965,892011.5088,376.7643,651168401.411
108.0,1972,0.0,91.4353,7月,汛限线附近-满发,1004.7046,105.3169,321.7512,87.6,756.3,1439.2534,573177.8427,0.0,418419825.1851
108.0,1972,0.0,91.4353,8月,低于防破坏线-保证出力,321.7512,87.6,321.7512,87.6,322.7,322.7,103391.367,0.0,75475697.9375
108.0,1972,0.0,91.4353,9月,低于防破坏线-保证出力,321.7512,87.6,583.1284,96.3927,1048.0,783.3097,276737.775,0.0,202018575.75
108.0,1972,0.0,91.4353,10月,低于防破坏线-保证出力,583.1284,96.3927,1156.472,108.0,2658.7,622.7942,276737.775,1462.5622,202018575.75
108.0,1972,0.0,91.4353,11月,低于防破坏线-保证出力,1156.472,108.0,1156.472,108.0,2610.0,566.6419,276737.775,2043.3581,202018575.75
108.0,1972,0.0,91.4353,12月,优化区-枚举月末库容,1156.472,108.0,1156.472,108.0,849.3,849.3,410882.7817,0.0,299944430.6185
108.0,1972,0.0,91.4353,1月,优化区-枚举月末库容,1156.472,108.0,1156.472,108.0,1016.9,1016.9,489737.2409,0.0,357508185.8345
108.0,1972,0.0,91.4353,2月,优化区-枚举月末库容,1156.472,108.0,1156.472,108.0,1660.7,1660.7,787554.6724,0.0,574914910.8226
108.0,1972,0.0,91.4353,3月,优化区-枚举月末库容,1156.472,108.0,777.0535,101.2922,1314.7,1694.1185,754519.9044,0.0,550799530.1917
108.0,1973,0.0,91.4353,4月,汛限线附近-满发,777.0535,101.2922,1004.7046,105.3169,3661.3,2070.3924,891107.7438,1360.9173,650508652.9803
108.0,1973,0.0,91.4353,5月,汛限线附近-满发,1004.7046,105.3169,1004.7046,105.3169,4740.3,1989.8965,892011.5088,2748.0643,651168401.411
108.0,1973,0.0,91.4353,6月,汛限线附近-满发,1004.7046,105.3169,1004.7046,105.3169,5825.3,1989.8965,892011.5088,3833.0643,651168401.411
108.0,1973,0.0,91.4353,7月,汛限线附近-满发,1004.7046,105.3169,1004.7046,105.3169,2332.7,1989.8965,892011.5088,340.4643,651168401.411
108.0,1973,0.0,91.4353,8月,低于防破坏线-保证出力,1004.7046,105.3169,1004.7046,105.3169,2059.0,580.4749,270220.5137,1476.1859,197260974.9768
108.0,1973,0.0,91.4353,9月,优化区-枚举月末库容,1004.7046,105.3169,1156.472,108.0,3252.3,3100.5326,914353.0,0.0,667477690.0
108.0,1973,0.0,91.4353,10月,低于防破坏线-保证出力,1156.472,108.0,1156.472,108.0,819.7,566.6419,276737.775,253.0581,202018575.75
108.0,1973,0.0,91.4353,11月,低于防破坏线-保证出力,1156.472,108.0,1156.472,108.0,581.0,566.6419,276737.775,14.3581,202018575.75
108.0,1973,0.0,91.4353,12月,优化区-枚举月末库容,1156.472,108.0,1156.472,108.0,413.7,413.7,203379.7465,0.0,148467214.945
108.0,1973,0.0,91.4353,1月,优化区-枚举月末库容,1156.472,108.0,1156.472,108.0,462.7,462.7,226974.5783,0.0,165691442.1553
108.0,1973,0.0,91.4353,2月,优化区-枚举月末库容,1156.472,108.0,1156.472,108.0,727.7,727.7,353403.2116,0.0,257984344.4461
108.0,1973,0.0,91.4353,3月,优化区-枚举月末库容,1156.472,108.0,777.0535,101.2922,488.0,867.4185,394714.4265,0.0,288141531.3158
108.0,1974,0.0,91.4353,4月,汛限线附近-满发,777.0535,101.2922,1004.7046,105.3169,2423.7,2085.8221,897444.7772,107.8877,655134687.3483
108.0,1974,0.0,91.4353,5月,汛限线附近-满发,1004.7046,105.3169,1004.7046,105.3169,3503.0,1989.8965,892011.5088,1510.7643,651168401.411
108.0,1974,0.0,91.4353,6月,汛限线附近-满发,1004.7046,105.3169,1004.7046,105.3169,3349.7,1989.8965,892011.5088,1357.4643,651168401.411
108.0,1974,0.0,91.4353,7月,汛限线附近-满发,1004.7046,105.3169,1004.7046,105.3169,5591.0,1989.8965,892011.5088,3598.7643,651168401.411
108.0,1974,0.0,91.4353,8月,低于防破坏线-保证出力,1004.7046,105.3169,1004.7046,105.3169,1386.7,580.4749,270220.5137,803.8859,197260974.9768
108.0,1974,0.0,91.4353,9月,优化区-枚举月末库容,1004.7046,105.3169,667.4437,98.9098,501.3,838.5609,365430.9696,0.0,266764607.7958
108.0,1974,0.0,91.4353,10月,低于防破坏线-保证出力,667.4437,98.9098,1156.472,108.0,1105.7,613.8323,276737.775,2.8394,202018575.75
108.0,1974,0.0,91.4353,11月,低于防破坏线-保证出力,1156.472,108.0,920.3893,103.8263,353.3,588.3644,276737.775,0.0,202018575.75
108.0,1974,0.0,91.4353,12月,低于防破坏线-保证出力,920.3893,103.8263,642.1491,98.1547,361.3,642.9028,276737.775,0.0,202018575.75
108.0,1974,0.0,91.4353,1月,低于防破坏线-保证出力,642.1491,98.1547,321.7512,87.6,371.7,692.0979,250478.3556,0.0,182849199.575
108.0,1974,0.0,91.4353,2月,低于防破坏线-保证出力,321.7512,87.6,321.7512,87.6,472.7,472.7,149810.8111,0.0,109361892.1142
108.0,1974,0.0,91.4353,3月,低于防破坏线-保证出力,321.7512,87.6,321.7512,87.6,661.7,661.7,207354.3484,0.0,151368674.3101
108.0,1975,0.0,91.4353,4月,低于防破坏线-保证出力,321.7512,87.6,1004.7046,105.3169,2453.3,652.3648,266742.3935,1115.6427,194721947.2877
108.0,1975,0.0,91.4353,5月,汛限线附近-满发,1004.7046,105.3169,1004.7046,105.3169,7544.7,1989.8965,892011.5088,5552.4643,651168401.411
108.0,1975,0.0,91.4353,6月,汛限线附近-满发,1004.7046,105.3169,1004.7046,105.3169,4125.0,1989.8965,892011.5088,2132.7643,651168401.411
108.0,1975,0.0,91.4353,7月,汛限线附近-满发,1004.7046,105.3169,321.7512,87.6,1237.0,1919.9534,754974.2531,0.0,551131204.7747
108.0,1975,0.0,91.4353,8月,低于防破坏线-保证出力,321.7512,87.6,321.7512,87.6,827.3,827.3,257023.5912,0.0,187627221.5816
108.0,1975,0.0,91.4353,9月,低于防破坏线-保证出力,321.7512,87.6,321.7512,87.6,640.7,640.7,201002.3902,0.0,146731744.8241
108.0,1975,0.0,91.4353,10月,低于防破坏线-保证出力,321.7512,87.6,321.7512,87.6,626.7,626.7,196759.4214,0.0,143634377.6001
108.0,1975,0.0,91.4353,11月,低于防破坏线-保证出力,321.7512,87.6,1156.472,108.0,1633.0,652.3648,276737.775,145.9144,202018575.75
108.0,1975,0.0,91.4353,12月,优化区-枚举月末库容,1156.472,108.0,1156.472,108.0,640.7,640.7,312099.7702,0.0,227832832.2241
108.0,1975,0.0,91.4353,1月,优化区-枚举月末库容,1156.472,108.0,1156.472,108.0,394.3,394.3,194009.1983,0.0,141626714.7553
108.0,1975,0.0,91.4353,2月,优化区-枚举月末库容,1156.472,108.0,1156.472,108.0,638.3,638.3,310956.7174,0.0,226998403.6801
108.0,1975,0.0,91.4353,3月,优化区-枚举月末库容,1156.472,108.0,777.0535,101.2922,1125.3,1504.7185,673119.8747,0.0,491377508.4953
108.0,1976,0.0,91.4353,4月,汛限线附近-满发,777.0535,101.2922,1004.7046,105.3169,2422.7,2086.4206,897690.5275,106.2891,655314085.0532
108.0,1976,0.0,91.4353,5月,汛限线附近-满发,1004.7046,105.3169,1004.7046,105.3169,4362.3,1989.8965,892011.5088,2370.0643,651168401.411
108.0,1976,0.0,91.4353,6月,汛限线附近-满发,1004.7046,105.3169,1004.7046,105.3169,5141.7,1989.8965,892011.5088,3149.4643,651168401.411
108.0,1976,0.0,91.4353,7月,汛限线附近-满发,1004.7046,105.3169,1004.7046,105.3169,4063.3,1989.8965,892011.5088,2071.0643,651168401.411
108.0,1976,0.0,91.4353,8月,低于防破坏线-保证出力,1004.7046,105.3169,1004.7046,105.3169,978.7,580.4749,270220.5137,395.8859,197260974.9768
108.0,1976,0.0,91.4353,9月,优化区-枚举月末库容,1004.7046,105.3169,321.7512,87.6,805.7,1488.6534,592006.5172,0.0,432164757.5475
108.0,1976,0.0,91.4353,10月,低于防破坏线-保证出力,321.7512,87.6,810.7795,101.8885,1209.0,723.9485,276737.775,0.0,202018575.75
108.0,1976,0.0,91.4353,11月,低于防破坏线-保证出力,810.7795,101.8885,1156.472,108.0,1640.0,599.1878,276737.775,695.1197,202018575.75
108.0,1976,0.0,91.4353,12月,优化区-枚举月末库容,1156.472,108.0,1156.472,108.0,585.3,585.3,285664.386,0.0,208535001.7581
108.0,1976,0.0,91.4353,1月,优化区-枚举月末库容,1156.472,108.0,1156.472,108.0,487.0,487.0,238636.8679,0.0,174204913.6026
108.0,1976,0.0,91.4353,2月,优化区-枚举月末库容,1156.472,108.0,1156.472,108.0,885.0,885.0,427740.9231,0.0,312250873.8462
108.0,1976,0.0,91.4353,3月,优化区-枚举月末库容,1156.472,108.0,777.0535,101.2922,1218.0,1597.4185,713053.2531,0.0,520528874.7986
108.0,1977,0.0,91.4353,4月,汛限线附近-满发,777.0535,101.2922,1004.7046,105.3169,4916.0,2070.3924,891107.7438,2615.6173,650508652.9803
108.0,1977,0.0,91.4353,5月,汛限线附近-满发,1004.7046,105.3169,1004.7046,105.3169,5442.0,1989.8965,892011.5088,3449.7643,651168401.411
108.0,1977,0.0,91.4353,6月,汛限线附近-满发,1004.7046,105.3169,1004.7046,105.3169,6707.0,1989.8965,892011.5088,4714.7643,651168401.411
108.0,1977,0.0,91.4353,7月,汛限线附近-满发,1004.7046,105.3169,1004.7046,105.3169,4276.0,1989.8965,892011.5088,2283.7643,651168401.411
108.0,1977,0.0,91.4353,8月,低于防破坏线-保证出力,1004.7046,105.3169,1004.7046,105.3169,2208.0,580.4749,270220.5137,1625.1859,197260974.9768
108.0,1977,0.0,91.4353,9月,优化区-枚举月末库容,1004.7046,105.3169,321.7512,87.6,968.0,1650.9534,653769.8356,0.0,477251980.009
108.0,1977,0.0,91.4353,10月,低于防破坏线-保证出力,321.7512,87.6,1038.4307,105.9131,1389.0,670.3792,276737.775,0.0,202018575.75
108.0,1977,0.0,91.4353,11月,低于防破坏线-保证出力,1038.4307,105.9131,1156.472,108.0,1970.0,577.3417,276737.775,1274.617,202018575.75
108.0,1977,0.0,91.4353,12月,优化区-枚举月末库容,1156.472,108.0,1156.472,108.0,585.0,585.0,285520.95,0.0,208430293.5
108.0,1977,0.0,91.4353,1月,优化区-枚举月末库容,1156.472,108.0,1156.472,108.0,743.3,743.3,360782.1364,0.0,263370959.5501
108.0,1977,0.0,91.4353,2月,优化区-枚举月末库容,1156.472,108.0,1156.472,108.0,563.7,563.7,275329.1748,0.0,200990297.5821
108.0,1977,0.0,91.4353,3月,优化区-枚举月末库容,1156.472,108.0,1156.472,108.0,613.7,613.7,299229.1348,0.0,218437268.3821
108.0,1978,0.0,91.4353,4月,优化区-枚举月末库容,1156.472,108.0,760.1904,100.9941,1068.3,1464.5816,653960.4372,0.0,477391119.1514
108.0,1978,0.0,91.4353,5月,汛限线附近-满发,760.1904,100.9941,1004.7046,105.3169,3092.0,2076.6271,891037.7448,768.5196,650457553.7049
108.0,1978,0.0,91.4353,6月,汛限线附近-满发,1004.7046,105.3169,1004.7046,105.3169,3773.0,1989.8965,892011.5088,1780.7643,651168401.411
108.0,1978,0.0,91.4353,7月,汛限线附近-满发,1004.7046,105.3169,321.7512,87.6,1125.0,1807.9534,712998.7692,0.0,520489101.4851
108.0,1978,0.0,91.4353,8月,低于防破坏线-保证出力,321.7512,87.6,321.7512,87.6,889.7,889.7,275683.8792,0.0,201249231.8216
108.0,1978,0.0,91.4353,9月,低于防破坏线-保证出力,321.7512,87.6,321.7512,87.6,856.7,856.7,265828.1449,0.0,194054545.777
108.0,1978,0.0,91.4353,10月,低于防破坏线-保证出力,321.7512,87.6,321.7512,87.6,720.3,720.3,225000.039,0.0,164250028.4481
108.0,1978,0.0,91.4353,11月,低于防破坏线-保证出力,321.7512,87.6,1156.472,108.0,1757.7,652.3648,276737.775,270.6144,202018575.75
108.0,1978,0.0,91.4353,12月,优化区-枚举月末库容,1156.472,108.0,1156.472,108.0,765.0,765.0,371032.65,0.0,270853834.5
108.0,1978,0.0,91.4353,1月,优化区-枚举月末库容,1156.472,108.0,1156.472,108.0,536.7,536.7,262409.2127,0.0,191558725.2373
108.0,1978,0.0,91.4353,2月,优化区-枚举月末库容,1156.472,108.0,1156.472,108.0,813.0,813.0,393707.1323,0.0,287406206.5846
108.0,1978,0.0,91.4353,3月,优化区-枚举月末库容,1156.472,108.0,1156.472,108.0,724.0,724.0,351651.868,0.0,256705863.64
108.0,1979,0.0,91.4353,4月,优化区-枚举月末库容,1156.472,108.0,760.1904,100.9941,858.3,1254.5816,563218.1417,0.0,411149243.46
108.0,1979,0.0,91.4353,5月,汛限线附近-满发,760.1904,100.9941,945.6839,104.2735,2344.0,2157.6902,914353.0,0.0,667477690.0
108.0,1979,0.0,91.4353,6月,汛限线附近-满发,945.6839,104.2735,1004.7046,105.3169,6522.0,2010.1322,891784.313,4450.508,651002548.482
108.0,1979,0.0,91.4353,7月,汛限线附近-满发,1004.7046,105.3169,1004.7046,105.3169,3755.0,1989.8965,892011.5088,1762.7643,651168401.411
108.0,1979,0.0,91.4353,8月,低于防破坏线-保证出力,1004.7046,105.3169,1004.7046,105.3169,2051.3,580.4749,270220.5137,1468.4859,197260974.9768
108.0,1979,0.0,91.4353,9月,优化区-枚举月末库容,1004.7046,105.3169,1156.472,108.0,2369.3,2217.5326,914353.0,0.0,667477690.0
108.0,1979,0.0,91.4353,10月,低于防破坏线-保证出力,1156.472,108.0,1156.472,108.0,592.3,566.6419,276737.775,25.6581,202018575.75
108.0,1979,0.0,91.4353,11月,低于防破坏线-保证出力,1156.472,108.0,1004.7046,105.3169,427.3,580.62,276737.775,0.0,202018575.75
108.0,1979,0.0,91.4353,12月,优化区-枚举月末库容,1004.7046,105.3169,1156.472,108.0,385.3,233.5326,113260.2902,0.0,82680011.8207
108.0,1979,0.0,91.4353,1月,优化区-枚举月末库容,1156.472,108.0,1156.472,108.0,444.3,444.3,218126.7496,0.0,159232527.1912
108.0,1979,0.0,91.4353,2月,优化区-枚举月末库容,1156.472,108.0,1156.472,108.0,681.3,681.3,331406.7348,0.0,241926916.3821
108.0,1979,0.0,91.4353,3月,优化区-枚举月末库容,1156.472,108.0,777.0535,101.2922,1086.7,1466.1185,656478.4372,0.0,479229259.1684
108.0,1980,0.0,91.4353,4月,汛限线附近-满发,777.0535,101.2922,1004.7046,105.3169,2762.7,2070.3924,891107.7438,462.3173,650508652.9803
108.0,1980,0.0,91.4353,5月,汛限线附近-满发,1004.7046,105.3169,1004.7046,105.3169,3507.0,1989.8965,892011.5088,1514.7643,651168401.411
108.0,1980,0.0,91.4353,6月,汛限线附近-满发,1004.7046,105.3169,1004.7046,105.3169,4527.7,1989.8965,892011.5088,2535.4643,651168401.411
108.0,1980,0.0,91.4353,7月,汛限线附近-满发,1004.7046,105.3169,1004.7046,105.3169,4561.7,1989.8965,892011.5088,2569.4643,651168401.411
108.0,1980,0.0,91.4353,8月,低于防破坏线-保证出力,1004.7046,105.3169,1004.7046,105.3169,5711.7,580.4749,270220.5137,5128.8859,197260974.9768
108.0,1980,0.0,91.4353,9月,优化区-枚举月末库容,1004.7046,105.3169,321.7512,87.6,988.3,1671.2534,661456.8644,0.0,482863510.98
108.0,1980,0.0,91.4353,10月,低于防破坏线-保证出力,321.7512,87.6,1156.472,108.0,1641.3,652.3648,276737.775,154.2144,202018575.75
108.0,1980,0.0,91.4353,11月,低于防破坏线-保证出力,1156.472,108.0,1156.472,108.0,702.0,566.6419,276737.775,135.3581,202018575.75
108.0,1980,0.0,91.4353,12月,优化区-枚举月末库容,1156.472,108.0,1156.472,108.0,674.3,674.3,328081.9462,0.0,239499820.7041
108.0,1980,0.0,91.4353,1月,优化区-枚举月末库容,1156.472,108.0,1156.472,108.0,564.3,564.3,275616.4782,0.0,201200029.0641
108.0,1980,0.0,91.4353,2月,优化区-枚举月末库容,1156.472,108.0,1156.472,108.0,791.0,791.0,383293.288,0.0,279804100.24
108.0,1980,0.0,91.4353,3月,优化区-枚举月末库容,1156.472,108.0,777.0535,101.2922,1009.7,1389.1185,623229.0532,0.0,454957208.8476
108.0,1981,0.0,91.4353,4月,汛限线附近-满发,777.0535,101.2922,1004.7046,105.3169,3309.3,2070.3924,891107.7438,1008.9173,650508652.9803
108.0,1981,0.0,91.4353,5月,汛限线附近-满发,1004.7046,105.3169,1004.7046,105.3169,3288.0,1989.8965,892011.5088,1295.7643,651168401.411
108.0,1981,0.0,91.4353,6月,汛限线附近-满发,1004.7046,105.3169,1004.7046,105.3169,2898.0,1989.8965,892011.5088,905.7643,651168401.411
108.0,1981,0.0,91.4353,7月,汛限线附近-满发,1004.7046,105.3169,321.7512,87.6,1241.7,1924.6534,756736.9788,0.0,552417994.5399
108.0,1981,0.0,91.4353,8月,低于防破坏线-保证出力,321.7512,87.6,321.7512,87.6,622.0,622.0,195333.502,0.0,142593456.46
108.0,1981,0.0,91.4353,9月,低于防破坏线-保证出力,321.7512,87.6,321.7512,87.6,537.0,537.0,169436.5808,0.0,123688703.9615
108.0,1981,0.0,91.4353,10月,低于防破坏线-保证出力,321.7512,87.6,321.7512,87.6,729.7,729.7,227819.71,0.0,166308388.2781
108.0,1981,0.0,91.4353,11月,低于防破坏线-保证出力,321.7512,87.6,1156.472,108.0,1530.3,652.3648,276737.775,43.2144,202018575.75
108.0,1981,0.0,91.4353,12月,优化区-枚举月末库容,1156.472,108.0,1156.472,108.0,636.0,636.0,309861.108,0.0,226198608.84
108.0,1981,0.0,91.4353,1月,优化区-枚举月末库容,1156.472,108.0,1156.472,108.0,449.0,449.0,220388.1962,0.0,160883383.1923
108.0,1981,0.0,91.4353,2月,优化区-枚举月末库容,1156.472,108.0,1156.472,108.0,1670.3,1670.3,791941.0704,0.0,578116981.3982
108.0,1981,0.0,91.4353,3月,优化区-枚举月末库容,1156.472,108.0,321.7512,87.6,1310.3,2145.0208,872419.0523,0.0,636865908.1789
